MATRICULA;NOME DO ALUNO;TELEFONE;EMAIL;RESPONS√ÅVEL 1;TELEFONE RESP1;EMAIL RESP1;RESPONSAVEL 2;TELEFONE RESP 2;EMAIL RESP2
5314243;Maysa Cardoso;81933736577;maysa.cardoso@hotmail.com;Maria Clara Martins;81995114717;maria.clara.martins@hotmail.com;Gustavo Henrique Vieira;81929401343;gustavo.henrique.vieira@hotmail.com
9291774;Eduarda Cardoso;81933436459;eduarda.cardoso@hotmail.com;Helena da Paz;81990851711;helena.da.paz@gmail.com;Joao Miguel da Luz;81950147626;joao.miguel.da.luz@hotmail.com
1203885;Kaique Nascimento;81944889785;kaique.nascimento@hotmail.com;Nicole Barros;81956987516;nicole.barros@yahoo.com.br;Eduarda das Neves;81953712327;eduarda.das.neves@hotmail.com
4792397;Pedro Alves;81949585744;pedro.alves@gmail.com;Eduardo da Costa;81920472187;eduardo.da.costa@gmail.com;Ana Julia Santos;81984366088;ana.julia.santos@hotmail.com
3704515;Elisa Rodrigues;81925214507;elisa.rodrigues@hotmail.com;Joao Pedro Cardoso;81905355246;joao.pedro.cardoso@yahoo.com.br;Stella Martins;81947677023;stella.martins@gmail.com
7588032;Carolina Lopes;81972106138;carolina.lopes@gmail.com;Davi Lucas Barbosa;81956698467;davi.lucas.barbosa@hotmail.com;Calebe da Paz;81967562009;calebe.da.paz@hotmail.com
8444224;Dra. Isabella Farias;81948234012;dra..isabella.farias@hotmail.com;Lais Barros;81901717768;lais.barros@yahoo.com.br;Dr. Bernardo Pires;81968779890;dr..bernardo.pires@hotmail.com
6767756;Isaac da Rocha;81901222538;isaac.da.rocha@hotmail.com;Marcela Teixeira;81931309594;marcela.teixeira@hotmail.com;Sr. Joao Miguel Caldeira;81932943930;sr..joao.miguel.caldeira@hotmail.com
6218019;Ian Dias;81957318240;ian.dias@yahoo.com.br;Larissa da Rocha;81933254650;larissa.da.rocha@gmail.com;Davi Luiz Cardoso;81909035384;davi.luiz.cardoso@gmail.com
9809988;Isis da Mata;81988875506;isis.da.mata@gmail.com;Erick Gomes;81905459894;erick.gomes@yahoo.com.br;Mirella Novaes;81948498333;mirella.novaes@gmail.com
9404769;Srta. Sarah Freitas;81975225691;srta..sarah.freitas@hotmail.com;Nicole Barbosa;81965075064;nicole.barbosa@yahoo.com.br;Danilo Correia;81915317110;danilo.correia@gmail.com
6373779;Danilo Ribeiro;81958745611;danilo.ribeiro@hotmail.com;Ana Luiza Lopes;81973220512;ana.luiza.lopes@gmail.com;Rebeca Vieira;81994373361;rebeca.vieira@yahoo.com.br
8326287;Ana Livia Souza;81992193135;ana.livia.souza@hotmail.com;Ian Santos;81991859204;ian.santos@gmail.com;Joana Sales;81934566262;joana.sales@hotmail.com
6436161;Emanuel Lopes;81949998749;emanuel.lopes@hotmail.com;Kevin Pires;81978985583;kevin.pires@hotmail.com;Rafael Correia;81978262794;rafael.correia@hotmail.com
5906304;Lais Rocha;81951452056;lais.rocha@yahoo.com.br;Thales Nogueira;81909415673;thales.nogueira@gmail.com;Leandro Martins;81958416498;leandro.martins@yahoo.com.br
6983152;Lorenzo Ramos;81990582289;lorenzo.ramos@yahoo.com.br;Srta. Nicole Melo;81970473819;srta..nicole.melo@hotmail.com;Henrique Ribeiro;81960958691;henrique.ribeiro@hotmail.com
7192697;Yuri Moraes;81950284731;yuri.moraes@yahoo.com.br;Augusto Mendes;81907808909;augusto.mendes@gmail.com;Srta. Ana Sophia da Mata;81914286415;srta..ana.sophia.da.mata@gmail.com
4231227;Davi Luiz Goncalves;81906904409;davi.luiz.goncalves@gmail.com;Diogo Sales;81942332636;diogo.sales@gmail.com;Ana Vitoria Peixoto;81912215309;ana.vitoria.peixoto@yahoo.com.br
1447894;Lucas Gabriel Teixeira;81904897665;lucas.gabriel.teixeira@yahoo.com.br;Kaique Rocha;81905998956;kaique.rocha@yahoo.com.br;Sr. Paulo Campos;81909178503;sr..paulo.campos@gmail.com
9633130;Lavinia Barbosa;81972256021;lavinia.barbosa@gmail.com;Ana Carolina Costa;81969442356;ana.carolina.costa@gmail.com;Ana Julia Ramos;81937935688;ana.julia.ramos@gmail.com
6643238;Dr. Davi Lucas Nunes;81916165710;dr..davi.lucas.nunes@yahoo.com.br;Ana Clara Dias;81999478707;ana.clara.dias@yahoo.com.br;Thomas Almeida;81948268878;thomas.almeida@gmail.com
3264834;Augusto da Cruz;81970049460;augusto.da.cruz@yahoo.com.br;Sra. Lavinia Rodrigues;81939087424;sra..lavinia.rodrigues@gmail.com;Davi Nascimento;81927983938;davi.nascimento@gmail.com
1755263;Pedro Henrique Rocha;81997217621;pedro.henrique.rocha@gmail.com;Sabrina Silveira;81948345565;sabrina.silveira@gmail.com;Dra. Daniela Silveira;81990875459;dra..daniela.silveira@hotmail.com
3398955;Sofia Goncalves;81972851894;sofia.goncalves@hotmail.com;Murilo Cunha;81905592297;murilo.cunha@hotmail.com;Danilo Cunha;81990480262;danilo.cunha@hotmail.com
6555049;Lucas Gabriel da Cruz;81972335178;lucas.gabriel.da.cruz@gmail.com;Melissa Teixeira;81908842204;melissa.teixeira@hotmail.com;Emanuelly Fogaca;81930987816;emanuelly.fogaca@yahoo.com.br
6704168;Sr. Alexandre Oliveira;81943567867;sr..alexandre.oliveira@yahoo.com.br;Elisa Costela;81949110398;elisa.costela@hotmail.com;Elisa Gomes;81907446045;elisa.gomes@yahoo.com.br
4723716;Paulo Peixoto;81930166623;paulo.peixoto@hotmail.com;Joana Oliveira;81907947733;joana.oliveira@yahoo.com.br;Sr. Joao Pedro da Cunha;81989942954;sr..joao.pedro.da.cunha@hotmail.com
4471829;Pietra Porto;81907098692;pietra.porto@yahoo.com.br;Alice Cunha;81990472537;alice.cunha@gmail.com;Francisco Lopes;81981522085;francisco.lopes@gmail.com
6081489;Isabella Sales;81948638262;isabella.sales@hotmail.com;Dra. Sofia Viana;81906515895;dra..sofia.viana@hotmail.com;Anthony Martins;81906786164;anthony.martins@hotmail.com
3658615;Dr. Fernando Almeida;81953138749;dr..fernando.almeida@yahoo.com.br;Maria Clara Martins;81966072952;maria.clara.martins@yahoo.com.br;Fernanda Martins;81986241601;fernanda.martins@gmail.com
4625632;Matheus Cunha;81928160613;matheus.cunha@hotmail.com;Diogo Dias;81921948710;diogo.dias@yahoo.com.br;Maite da Mota;81974073456;maite.da.mota@hotmail.com
7141097;Maria Cecilia Farias;81946308698;maria.cecilia.farias@gmail.com;Luana Moreira;81936021180;luana.moreira@gmail.com;Emilly Nogueira;81901838102;emilly.nogueira@hotmail.com
9486787;Anthony da Mata;81928533192;anthony.da.mata@hotmail.com;Stephany Rocha;81970137489;stephany.rocha@yahoo.com.br;Livia Dias;81938473116;livia.dias@yahoo.com.br
2138971;Gustavo Mendes;81936412686;gustavo.mendes@hotmail.com;Joao Lucas Alves;81921470007;joao.lucas.alves@hotmail.com;Eloah Pinto;81935932447;eloah.pinto@gmail.com
4109751;Yasmin da Cunha;81959967530;yasmin.da.cunha@yahoo.com.br;Pietro Martins;81901747944;pietro.martins@gmail.com;Lavinia Sales;81908175808;lavinia.sales@yahoo.com.br
8784934;Luiz Felipe Teixeira;81956401437;luiz.felipe.teixeira@gmail.com;Dr. Samuel Aragao;81969175758;dr..samuel.aragao@hotmail.com;Maite Mendes;81908194815;maite.mendes@gmail.com
7776065;Isis Lopes;81903665379;isis.lopes@gmail.com;Srta. Carolina Moreira;81979538146;srta..carolina.moreira@yahoo.com.br;Isaac Silveira;81938989180;isaac.silveira@gmail.com
9559997;Dra. Alice Costa;81993699221;dra..alice.costa@yahoo.com.br;Pedro Miguel Peixoto;81992013821;pedro.miguel.peixoto@gmail.com;Ana Julia Novaes;81940454829;ana.julia.novaes@yahoo.com.br
2655476;Juliana Ribeiro;81980815527;juliana.ribeiro@hotmail.com;Natalia Pereira;81989012992;natalia.pereira@yahoo.com.br;Vicente Pinto;81993507770;vicente.pinto@yahoo.com.br
1172755;Dr. Thiago Peixoto;81982343991;dr..thiago.peixoto@yahoo.com.br;Marcelo Viana;81941874046;marcelo.viana@gmail.com;Luiz Henrique Melo;81901727474;luiz.henrique.melo@hotmail.com
9829952;Joao Guilherme Oliveira;81964442944;joao.guilherme.oliveira@gmail.com;Kevin Rocha;81906365998;kevin.rocha@gmail.com;Nina Silva;81964912363;nina.silva@hotmail.com
7405025;Dr. Leandro Farias;81971647317;dr..leandro.farias@gmail.com;Dra. Ana Julia da Mata;81974918010;dra..ana.julia.da.mata@yahoo.com.br;Barbara Cardoso;81922852029;barbara.cardoso@hotmail.com
3648294;Miguel da Cruz;81991354154;miguel.da.cruz@hotmail.com;Mariana Oliveira;81994549901;mariana.oliveira@yahoo.com.br;Igor Fogaca;81964382180;igor.fogaca@yahoo.com.br
4752937;Renan Caldeira;81983959338;renan.caldeira@hotmail.com;Dr. Marcos Vinicius Cardoso;81992094821;dr..marcos.vinicius.cardoso@yahoo.com.br;Heitor Duarte;81956398341;heitor.duarte@gmail.com
3999253;Luna Melo;81933516737;luna.melo@yahoo.com.br;Pietra Fernandes;81918948390;pietra.fernandes@yahoo.com.br;Ana Carolina Barros;81984925554;ana.carolina.barros@hotmail.com
5335905;Lorena Barbosa;81904700279;lorena.barbosa@gmail.com;Yago Mendes;81966915841;yago.mendes@yahoo.com.br;Maite Cardoso;81910151980;maite.cardoso@yahoo.com.br
4968838;Elisa Teixeira;81976019299;elisa.teixeira@gmail.com;Dr. Theo Aragao;81956630664;dr..theo.aragao@hotmail.com;Sra. Maria Luiza Fogaca;81934426155;sra..maria.luiza.fogaca@hotmail.com
5491837;Marina Viana;81978991125;marina.viana@gmail.com;Alexandre Souza;81913414948;alexandre.souza@hotmail.com;Vicente da Rocha;81908624338;vicente.da.rocha@gmail.com
5345910;Emanuella Nogueira;81925632794;emanuella.nogueira@gmail.com;Beatriz da Rosa;81932219589;beatriz.da.rosa@hotmail.com;Vitoria Melo;81927710518;vitoria.melo@gmail.com
5560503;Nicolas Farias;81979894744;nicolas.farias@gmail.com;Sr. Miguel Freitas;81991126619;sr..miguel.freitas@yahoo.com.br;Luiz Fernando Caldeira;81912063805;luiz.fernando.caldeira@hotmail.com